<?xml version="1.0" encoding="UTF-8"?>
<project-private xmlns="http://www.netbeans.org/ns/project-private/1">
    <editor-bookmarks xmlns="http://www.netbeans.org/ns/editor-bookmarks/2" lastBookmarkId="0"/>
    <open-files xmlns="http://www.netbeans.org/ns/projectui-open-files/2">
        <group>
            <file>file:/D:/Documents/NetBeansProjects/SEB_System/src/MainProgram/test.java</file>
            <file>file:/D:/Documents/NetBeansProjects/SEB_System/src/PopupModal/BorrowPopup.java</file>
            <file>file:/D:/Documents/NetBeansProjects/SEB_System/src/MainProgram/test1.java</file>
            <file>file:/D:/Documents/NetBeansProjects/SEB_System/src/MainProgram/AdminDashboard.java</file>
            <file>file:/D:/Documents/NetBeansProjects/SEB_System/src/MainProgram/StaffDashboard.java</file>
            <file>file:/D:/Documents/NetBeansProjects/SEB_System/src/PopupModal/ViewBorrowItem.java</file>
        </group>
    </open-files>
</project-private>
